Validation Method,RMSE Avg,RMSE Std,Runtime Avg (s)
Train/Test,0.837652686639087,0.050540841075114945,0.4205990155537923
K-Fold,0.8119805519997261,0.01712826921202399,4.678933350245158
Repeated K-Fold,0.8102536945955795,0.00738697100052454,13.946542326609293
