Validation Method,RMSE Avg,RMSE Std,Runtime Avg (s)
Train/Test,0.8259217325670036,0.04403690062379879,0.42476435808035046
K-Fold,0.8066167309085598,0.012484295503199787,4.704764402829683
Repeated K-Fold,0.8056339491433222,0.011516203318218808,14.14412414110624
