Validation Method,RMSE Avg,RMSE Std,Runtime Avg (s)
Train/Test,0.8095486609459142,0.04438029277021027,0.4139061609903971
K-Fold,0.8124577056572543,0.018078710183245843,4.63332379659017
Repeated K-Fold,0.811277861006597,0.012261684195597923,13.877653582890828
