Validation Method,RMSE Avg,RMSE Std,Runtime Avg (s)
Train/Test,0.8341809529081348,0.04832223161905604,0.41886237951425404
K-Fold,0.8112398577257571,0.01846580761388226,4.668396894748394
Repeated K-Fold,0.8092047678798657,0.00871106884299385,13.996123515642607
